Workbook

Sheet Bảng lương T07-2026
A1: BẢNG LƯƠNG THÁNG 07/2026 — FINAI HOLDINGS
A2: Báo cáo nội bộ | dữ liệu gồm lương, thưởng, bảo hiểm, thuế TNCN
A5: STT | B5: Họ và tên | C5: Chức vụ | D5: Lương cơ bản | E5: Allowance | F5: Bonus KPI | G5: Commission | H5: OT | I5: Tổng thu nhập | J5: BHXH/BHYT/BHTN | K5: Thuế TNCN | L5: Khấu trừ khác | M5: Thực lĩnh | N5: Ghi chú
A6: 1 | B6: Nguyễn Hữu Phúc | C6: CEO | D6: 90000000 | E6: 15000000 | F6: 22000000 | G6: 5000000 | H6: 3000000 | I6: =D6+E6+F6+G6+H6 | J6: =MIN(D6,36800000)*10.5% | K6: =MAX(I6-J6-11000000,0)*10% | L6: 0 | M6: =I6-J6-K6-L6 | N6: Founder
A7: 2 | B7: Trần Gia Hân | C7: CFO | D7: 62000000 | E7: 10000000 | F7: 18000000 | G7: 2000000 | H7: 1500000 | I7: =D7+E7+F7+G7+H7 | J7: =MIN(D7,36800000)*10.5% | K7: =MAX(I7-J7-11000000,0)*10% | L7: 0 | M7: =I7-J7-K7-L7 | N7: Finance
A8: 3 | B8: Lê Minh Tâm | C8: Engineering Manager | D8: 48000000 | E8: 8000000 | F8: 14000000 | G8: 1000000 | H8: 2000000 | I8: =D8+E8+F8+G8+H8 | J8: =MIN(D8,36800000)*10.5% | K8: =MAX(I8-J8-11000000,0)*10% | L8: 500000 | M8: =I8-J8-K8-L8 | N8: Platform
A9: 4 | B9: Phạm Mỹ Linh | C9: HRBP | D9: 25000000 | E9: 3500000 | F9: 5000000 | G9: 0 | H9: 1000000 | I9: =D9+E9+F9+G9+H9 | J9: =MIN(D9,36800000)*10.5% | K9: =MAX(I9-J9-11000000,0)*10% | L9: 500000 | M9: =I9-J9-K9-L9 | N9: People Ops
A10: 5 | B10: Đỗ Tuấn Kiệt | C10: Accountant | D10: 22000000 | E10: 2500000 | F10: 4000000 | G10: 0 | H10: 500000 | I10: =D10+E10+F10+G10+H10 | J10: =MIN(D10,36800000)*10.5% | K10: =MAX(I10-J10-11000000,0)*10% | L10: 250000 | M10: =I10-J10-K10-L10 | N10: Tax filing
A11: TỔNG CỘNG | D11: =SUM(D6:D10) | E11: =SUM(E6:E10) | F11: =SUM(F6:F10) | G11: =SUM(G6:G10) | H11: =SUM(H6:H10) | I11: =SUM(I6:I10) | J11: =SUM(J6:J10) | K11: =SUM(K6:K10) | ... M11: =SUM(M6:M10)

Sheet Tổng hợp thuế-BH
A1: TỔNG HỢP THUẾ TNCN & BẢO HIỂM
A3: STT | B3: Chỉ tiêu | C3: Số lượng | D3: Tổng tiền | E3: BHXH | F3: BHYT | G3: BHTN
A4: 1 | B4: Tổng quỹ lương tháng 07/2026 | C4: 5 | D4: =SUM('Bảng lương T07-2026'!I6:I10) | E4: =SUM('Bảng lương T07-2026'!J6:J10)*0.7619 | F4: =SUM('Bảng lương T07-2026'!J6:J10)*0.1429 | G4: =SUM('Bảng lương T07-2026'!J6:J10)*0.0952
A5: 2 | B5: Thuế TNCN tạm khấu trừ | C5: 5 | D5: =SUM('Bảng lương T07-2026'!K6:K10) | E5: 0 | F5: 0 | G5: 0

Sheet Thông tin nhân sự mở rộng
A1: Danh mục nhân sự & trạng thái HĐLĐ
A3: Nhân viên | B3: Loại hợp đồng | C3: MST cá nhân | D3: Ghi chú
A4: Nguyễn Hữu Phúc | B4: Không thời hạn | C4: 0123456789 | D4: Có ESOP
A5: Trần Gia Hân | B5: Không thời hạn | C5: 1234567890 | D5: Có thưởng hiệu suất
A6: Lê Minh Tâm | B6: Không thời hạn | C6: 2345678901 | D6: Quản lý trung tâm kỹ thuật
